url_path,views_total,views_unique
/peff74/ESP_connect_to_strongest_WiFi,40,4
/peff74/ESP_connect_to_strongest_WiFi/blob/main/README.md,16,1
/peff74/ESP_connect_to_strongest_WiFi/edit/main/README.md,15,1
/peff74/ESP_connect_to_strongest_WiFi/tree/github-repo-stats,7,1
/peff74/ESP_connect_to_strongest_WiFi/blob/main/ESP32_connect_to_strongest_Wifi.ino,4,4
/peff74/ESP_connect_to_strongest_WiFi/tree/main,4,2
/peff74/ESP_connect_to_strongest_WiFi/blob/github-repo-stats/peff74/ESP_connect_to_strongest_WiFi/latest-report/report.pdf,3,1
/peff74/ESP_connect_to_strongest_WiFi/compare/github-repo-stats,3,1
/peff74/ESP_connect_to_strongest_WiFi/tree/github-repo-stats/peff74/ESP_connect_to_strongest_WiFi,3,1
/peff74/ESP_connect_to_strongest_WiFi/tree/github-repo-stats/peff74/ESP_connect_to_strongest_WiFi/latest-report,3,1
